{
    "dirt": {
        "template": "uniform",
        "block": "dirt",
        "clusterSize": 32,
        "numClusters": 26,
        "minHeight": 0,
        "maxHeight": 200,
        "retrogen": "false",
        "biomeRestriction": "none",
        "biomes": [],
        "dimensionRestriction": "blacklist",
        "dimensions": [
            -1,
            1
        ]
    },
    "gravel": {
        "template": "uniform",
        "block": "gravel",
        "clusterSize": 32,
        "numClusters": 16,
        "minHeight": 0,
        "maxHeight": 200,
        "retrogen": "false",
        "biomeRestriction": "none",
        "biomes": [],
        "dimensionRestriction": "blacklist",
        "dimensions": [
            -1,
            1
        ]
    },
    "quartz": {
        "template": "uniform",
        "block": "quartz_ore",
        "clusterSize": 13,
        "numClusters": 16,
        "minHeight": 10,
        "maxHeight": 118,
        "retrogen": "true",
        "biomeRestriction": "whitelist",
        "biomes": [
            "hell"
        ],
        "dimensionRestriction": "whitelist",
        "dimensions": [
            -1
        ]
    }
}